partition,action,configured_propensity,observed_assignment_share,assigned_customers,max_inverse_probability_weight,effective_sample_size,minimum_propensity_rule,support_pass,customers_trimmed
train,control,0.4,0.4036059879,4880,2.5,4880,0.05,True,0
train,reminder,0.25,0.2489454967,3010,4,3010,0.05,True,0
train,voucher,0.2,0.1996526342,2414,5,2414,0.05,True,0
train,service_call,0.15,0.1477958812,1787,6.666666667,1787,0.05,True,0
validation,control,0.4,0.4076196898,1209,2.5,1209,0.05,True,0
validation,reminder,0.25,0.2417397168,717,4,717,0.05,True,0
validation,voucher,0.2,0.1989211059,590,5,590,0.05,True,0
validation,service_call,0.15,0.1517194875,450,6.666666667,450,0.05,True,0
test,control,0.4,0.4087665647,1203,2.5,1203,0.05,True,0
test,reminder,0.25,0.246687054,726,4,726,0.05,True,0
test,voucher,0.2,0.1953788651,575,5,575,0.05,True,0
test,service_call,0.15,0.1491675161,439,6.666666667,439,0.05,True,0
