budget_multiplier,capacity_multiplier,budget_ceiling,constraints_pass,policy,dr_incremental_value,dr_value_per_customer,ci_low,ci_high,true_incremental_value,treatment_cost,treated_customers,n_control,n_reminder,n_voucher,n_service_call
0.6,0.7,618.03,True,Causal optimizer,2204.757896,0.7491532097,663.8565579,3745.659234,2235.032306,612.5,498,2445,453,29,16
0.6,0.7,618.03,True,Risk-only,163.9329035,0.05570265154,-1450.583084,1778.448891,1177.375386,226.5,453,2490,453,0,0
0.6,0.7,618.03,True,Greedy uplift rank,2065.383334,0.7017952207,513.9318081,3616.834861,2151.516337,448.5,478,2465,453,18,7
0.6,1,618.03,True,Causal optimizer,2579.101104,0.8763510379,765.2624639,4392.939745,2796.040763,617.5,682,2261,647,21,14
0.6,1,618.03,True,Risk-only,326.0840519,0.1107998817,-1515.291032,2167.459135,1628.80061,323.5,647,2296,647,0,0
0.6,1,618.03,True,Greedy uplift rank,2488.113043,0.8454342654,667.6149676,4308.611118,2736.8353,545.5,672,2271,647,18,7
0.6,1.3,618.03,True,Causal optimizer,2762.583104,0.9386962635,786.3707438,4738.795463,3277.699392,610.5,864,2079,841,13,10
0.6,1.3,618.03,True,Risk-only,111.9668846,0.03804515277,-1924.808278,2148.742048,2036.035571,420.5,841,2102,841,0,0
0.6,1.3,618.03,True,Greedy uplift rank,2574.534457,0.8747993397,563.0465706,4586.022343,3246.32107,616.5,863,2080,841,16,6
1,0.7,1030.05,True,Causal optimizer,2528.18841,0.8590514476,901.0978623,4155.278959,2304.184165,1020.5,542,2401,453,65,24
1,0.7,1030.05,True,Risk-only,163.9329035,0.05570265154,-1450.583084,1778.448891,1177.375386,226.5,453,2490,453,0,0
1,0.7,1030.05,True,Greedy uplift rank,2065.383334,0.7017952207,513.9318081,3616.834861,2151.516337,448.5,478,2465,453,18,7
1,1,1030.05,True,Causal optimizer,2270.046901,0.771337717,392.2214486,4147.872354,2869.502898,1027.5,727,2216,647,56,24
1,1,1030.05,True,Risk-only,326.0840519,0.1107998817,-1515.291032,2167.459135,1628.80061,323.5,647,2296,647,0,0
1,1,1030.05,True,Greedy uplift rank,2488.113043,0.8454342654,667.6149676,4308.611118,2736.8353,545.5,672,2271,647,18,7
1,1.3,1030.05,True,Causal optimizer,2409.551838,0.8187400062,365.2645486,4453.839128,3366.924199,1028,910,2033,840,47,23
1,1.3,1030.05,True,Risk-only,111.9668846,0.03804515277,-1924.808278,2148.742048,2036.035571,420.5,841,2102,841,0,0
1,1.3,1030.05,True,Greedy uplift rank,2469.437343,0.8390884619,452.7393265,4486.13536,3245.764912,642.5,866,2077,841,18,7
1.4,0.7,1442.07,True,Causal optimizer,2353.450643,0.7996774187,705.9458954,4000.955391,2326.139553,1134.5,555,2388,453,74,28
1.4,0.7,1442.07,True,Risk-only,163.9329035,0.05570265154,-1450.583084,1778.448891,1177.375386,226.5,453,2490,453,0,0
1.4,0.7,1442.07,True,Greedy uplift rank,2065.383334,0.7017952207,513.9318081,3616.834861,2151.516337,448.5,478,2465,453,18,7
1.4,1,1442.07,True,Causal optimizer,2227.067454,0.7567337595,344.1190217,4110.015887,2889.936671,1133.5,738,2205,647,66,25
1.4,1,1442.07,True,Risk-only,326.0840519,0.1107998817,-1515.291032,2167.459135,1628.80061,323.5,647,2296,647,0,0
1.4,1,1442.07,True,Greedy uplift rank,2488.113043,0.8454342654,667.6149676,4308.611118,2736.8353,545.5,672,2271,647,18,7
1.4,1.3,1442.07,True,Causal optimizer,2506.075948,0.8515378689,449.7323994,4562.419497,3387.04914,1114.5,920,2023,841,55,24
1.4,1.3,1442.07,True,Risk-only,111.9668846,0.03804515277,-1924.808278,2148.742048,2036.035571,420.5,841,2102,841,0,0
1.4,1.3,1442.07,True,Greedy uplift rank,2469.437343,0.8390884619,452.7393265,4486.13536,3245.764912,642.5,866,2077,841,18,7
