action,bin,predicted_gain,observed_ipw_gain,customers
reminder,1,-2.260102164,-0.2689397714,295
reminder,2,-1.009520639,-3.680834407,294
reminder,3,-0.2725344997,-1.972428471,294
reminder,4,0.288070622,0.8940612851,294
reminder,5,0.834817743,-6.321769584,295
reminder,6,1.370499336,-2.026179127,294
reminder,7,1.922053827,-0.2797398721,294
reminder,8,2.527177594,1.658088871,294
reminder,9,3.304162294,3.025957988,294
reminder,10,4.761254877,0.855732711,295
voucher,1,-10.26751898,-10.70470266,295
voucher,2,-8.688185624,-12.13182039,294
voucher,3,-7.673153647,-6.812812387,294
voucher,4,-6.831377194,-8.179591079,294
voucher,5,-6.082275859,-5.38853239,295
voucher,6,-5.328253245,-3.871312467,294
voucher,7,-4.56820022,-8.512195305,294
voucher,8,-3.735258762,-3.620008054,294
voucher,9,-2.637870236,-3.933207873,294
voucher,10,-0.3394570754,-7.988115456,295
service_call,1,-8.523301249,-7.367957118,295
service_call,2,-7.529813788,-13.39277401,294
service_call,3,-6.881817588,-3.310817241,294
service_call,4,-6.331199006,-4.573520445,294
service_call,5,-5.814508101,-9.033315497,295
service_call,6,-5.241966191,-7.739076057,294
service_call,7,-4.649232582,-2.236722215,294
service_call,8,-4.019924634,-7.526375092,294
service_call,9,-3.149953351,-5.513672927,294
service_call,10,-1.196817528,-2.508874381,295
